Name,Guardian Name,Guardian Phone
Abaasa John,Abaasa Robert,+256701234567
Abalo Grace,Abalo Sarah,+256702345678
Abeja Moses,Abeja David,+256703456789
Abiriga Faith,Abiriga Mary,+256704567890
Aceng Patience,Aceng Joyce,+256705678901
Adong Mercy,Adong Agnes,+256706789012
Agaba Samuel,Agaba Joseph,+256707890123
Akello Winnie,Akello Rose,+256708901234
Akol Peter,Akol James,+256709012345
Amongi Stella,Amongi Grace,+256710123456
Anyango Doreen,Anyango Betty,+256711234567
Ariko Emmanuel,Ariko Paul,+256712345678
Asiimwe Brian,Asiimwe John,+256713456789
Atim Brenda,Atim Susan,+256714567890
Ayebare Collins,Ayebare Michael,+256715678901
Babirye Josephine,Babirye Margaret,+256716789012
Baguma Ronald,Baguma Francis,+256717890123
Balaba Christine,Balaba Helen,+256718901234
Bamwine Daniel,Bamwine Stephen,+256719012345
Birungi Esther,Birungi Ruth,+256720123456
Bukenya Isaac,Bukenya Moses,+256721234567
Byamugisha Gloria,Byamugisha Jane,+256722345678
Ddungu Patrick,Ddungu Charles,+256723456789
Draru Simon,Draru Peter,+256724567890
Ekwang Julius,Ekwang Samuel,+256725678901
Emojong Kevin,Emojong Robert,+256726789012
Eyotaru Lydia,Eyotaru Mary,+256727890123
Galabuzi Henry,Galabuzi John,+256728901234
Gimei Racheal,Gimei Sarah,+256729012345
Gulume Innocent,Gulume David,+256730123456
Isingoma Dorcus,Isingoma Grace,+256731234567
Jjuuko Lawrence,Jjuuko Joseph,+256732345678
Kabaale Prossy,Kabaale Joyce,+256733456789
Kabanda Felix,Kabanda Paul,+256734567890
Kabuye Harriet,Kabuye Agnes,+256735678901
Kaddu Vincent,Kaddu Francis,+256736789012
Kagoda Immaculate,Kagoda Rose,+256737890123
Kahunde Godfrey,Kahunde James,+256738901234
Kajubi Lillian,Kajubi Susan,+256739012345
Kakembo Andrew,Kakembo Michael,+256740123456
Kalema Vivian,Kalema Betty,+256741234567
Kamau Derrick,Kamau Stephen,+256742345678
Kamukama Juliet,Kamukama Helen,+256743456789
Kansiime Rogers,Kansiime Charles,+256744567890
Kasozi Phiona,Kasozi Margaret,+256745678901
Katende Nicholas,Katende Moses,+256746789012
Kawooya Annet,Kawooya Jane,+256747890123
Kayongo Trevor,Kayongo Robert,+256748901234
Kiconco Bridget,Kiconco Mary,+256749012345
Kiggundu Arnold,Kiggundu Samuel,+256750123456
Kiiza Jackline,Kiiza Sarah,+256751234567
Kimera Benard,Kimera David,+256752345678
Kisakye Flavia,Kisakye Grace,+256753456789
Kityo Gerald,Kityo Joseph,+256754567890
Kiwanuka Priscilla,Kiwanuka Joyce,+256755678901
Komakech Denis,Komakech Paul,+256756789012
Kugonza Sheila,Kugonza Agnes,+256757890123
Kyagulanyi Edgar,Kyagulanyi Francis,+256758901234
Kyomuhendo Olivia,Kyomuhendo Rose,+256759012345
Lubega Martin,Lubega James,+256760123456
Lukwago Cynthia,Lukwago Susan,+256761234567
Luwaga Timothy,Luwaga Michael,+256762345678
Mabonga Gladys,Mabonga Betty,+256763456789
Magara Rodney,Magara Stephen,+256764567890
Makumbi Vanessa,Makumbi Helen,+256765678901
Malinga Pius,Malinga Charles,+256766789012
Matovu Charity,Matovu Margaret,+256767890123
Mayanja Wilber,Mayanja Moses,+256768901234
Mbabazi Scovia,Mbabazi Jane,+256769012345
Mubiru Kenneth,Mubiru Robert,+256770123456
Mugabi Ritah,Mugabi Mary,+256771234567
Mugisha Elijah,Mugisha Samuel,+256772345678
Mukasa Naome,Mukasa Sarah,+256773456789
Mukyala Fredrick,Mukyala David,+256774567890
Mulindwa Teddy,Mulindwa Grace,+256775678901
Musoke Hannington,Musoke Joseph,+256776789012
Mutesi Joanita,Mutesi Joyce,+256777890123
Muwanga Phillip,Muwanga Paul,+256778901234
Muyanja Consolata,Muyanja Agnes,+256779012345
Nabadda Evelyn,Nabadda Francis,+256780123456
Nabatanzi Miriam,Nabatanzi Rose,+256781234567
Nabukenya Shamirah,Nabukenya James,+256782345678
Naggayi Shamim,Naggayi Susan,+256783456789
Nakabuye Dianah,Nakabuye Michael,+256784567890
Nakamya Faridah,Nakamya Betty,+256785678901
Nakanwagi Hadijah,Nakanwagi Stephen,+256786789012
Nakato Zaituni,Nakato Helen,+256787890123
Nakirya Sumayah,Nakirya Charles,+256788901234
Nakyeyune Aisha,Nakyeyune Margaret,+256789012345
Nalubega Fatuma,Nalubega Moses,+256790123456
Nalwanga Halima,Nalwanga Jane,+256791234567
Namakula Jamila,Namakula Robert,+256792345678
Namatovu Khadijah,Namatovu Mary,+256793456789
Nambi Latifah,Nambi Samuel,+256794567890
Namubiru Mariam,Namubiru Sarah,+256795678901
Namugga Nabirye,Namugga David,+256796789012
Namukasa Rashida,Namukasa Grace,+256797890123
Namusoke Safina,Namusoke Joseph,+256798901234
Nankabirwa Shakira,Nankabirwa Joyce,+256799012345
Nanteza Shakirah,Nanteza Paul,+256700123456
Nanyonga Shadia,Nanyonga Agnes,+256701123456
Nassali Shamila,Nassali Francis,+256702123456
Nassimbwa Shamilah,Nassimbwa Rose,+256703123456
Natukunda Shamim,Natukunda James,+256704123456
Nayebare Shamimu,Nayebare Susan,+256705123456
Ndagire Shamira,Ndagire Michael,+256706123456
Nsubuga Shamiru,Nsubuga Betty,+256707123456
Ntambi Shamis,Ntambi Stephen,+256708123456